<?xml version="1.0" encoding="UTF-8"?>
<energie-data xmlns:xsi="http://www.w3.org/2001/XMLSchema-instance" xsi:noNamespaceSchemaLocation="database.xsd">
    <energie-plant>
        <plant>
            <name>Aarau</name>
            <statistics>
                <price date="2021-01-15">10.25</price>
                <price date="2022-01-17">9.75</price>
                <price date="2022-03-20">11.50</price>
                <price date="2022-11-09">13.00</price>
                <price date="2023-01-01">8.20</price>
            </statistics>
        </plant>
        <plant>
            <name>Luzern</name>
            <statistics>
                <price date="2021-01-15">10.00</price>
                <price date="2022-01-17">8.75</price>
                <price date="2022-03-20">15.50</price>
                <price date="2022-11-09">12.00</price>
                <price date="2023-01-01">5.20</price>
            </statistics>
        </plant>
        <plant>
            <name>Bern</name>
            <statistics>
                <price date="2021-01-15">11.25</price>
                <price date="2022-01-17">8.75</price>
                <price date="2022-03-20">12.50</price>
                <price date="2022-11-09">12.00</price>
                <price date="2023-01-01">9.20</price>
            </statistics>
        </plant>
        <plant>
            <name>Zürich</name>
            <statistics>
                <price date="2021-01-15">10.25</price>
                <price date="2022-01-17">9.75</price>
                <price date="2022-03-20">11.50</price>
                <price date="2022-11-09">13.00</price>
                <price date="2023-01-01">8.20</price>
            </statistics>
        </plant>
        <plant>
            <name>Genf</name>
            <statistics>
                <price date="2021-01-15">10.25</price>
                <price date="2022-01-17">9.75</price>
                <price date="2022-03-20">11.50</price>
                <price date="2022-11-09">13.00</price>
                <price date="2023-01-01">8.20</price>
            </statistics>
        </plant>
    </energie-plant>
</energie-data>
