<?xml version="1.0" ?>
<?xml-stylesheet type="text/xsl" href="welcome/welcome.xsl"?>
<menu>
    <item>
        <text>Home</text>
        <link>index.xml</link>
        <index>0</index>
    </item>
    <item>
        <text>Feature 1: cross-document XSLT</text>
        <link>feature-01.xml</link>
        <index>1</index>
    </item>
    <item>
        <text>Feature 2: data-driven SVG</text>
        <link>feature-02.xml</link>
        <index>2</index>
    </item>
    <item>
        <text>Feature 3: FO and PDF</text>
        <link>feature-03.xml</link>
        <index>3</index>
    </item>
    <item>
        <text>Feature 4: add user input to data (using XPATH and XSD)</text>
        <link>feature-04.xml</link>
        <index>4</index>
    </item>
    <item>
        <text>About</text>
        <link>about.xml</link>
        <index>5</index>
    </item>
</menu>
